ts_event,rtype,publisher_id,instrument_id,open,high,low,close,volume,symbol
2025-11-13 00:00:00+00:00,35,1,2703287,-1.3,-1.3,-1.3,-1.3,2,UD:1V: GN 2703287
2025-11-13 00:00:00+00:00,35,1,2854577,48.5,48.5,48.5,48.5,50,UD:1V: GN 2854577
2025-11-13 00:00:00+00:00,35,1,2858587,-2.5,-2.5,-2.5,-2.5,1,UD:1V: 3W 2858587
2025-11-13 00:00:00+00:00,35,1,2619534,9.5,9.5,9.5,9.5,1,UD:1V: VT 2619534
2025-11-13 00:00:00+00:00,35,1,2777233,-1.6,-1.6,-1.6,-1.6,1,UD:1V: 12 2777233
2025-11-13 00:00:00+00:00,35,1,2601034,6.0,6.0,6.0,6.0,5,UD:1V: GN 2601034
2025-11-13 00:00:00+00:00,35,1,2771763,-44.0,-44.0,-44.0,-44.0,2,UD:1V: GN 2771763
2025-11-13 00:00:00+00:00,35,1,2624063,4.5,5.5,4.5,5.5,2,UD:1V: BO 2624063
2025-11-13 00:00:00+00:00,35,1,2859785,74.75,75.75,74.75,75.75,93,UD:1V: VT 2859785
2025-11-13 00:00:00+00:00,35,1,2719358,19.75,19.75,19.75,19.75,20,UD:1V: RR 2719358
2025-11-13 00:00:00+00:00,35,1,2624728,15.75,23.0,15.75,23.0,1054,UD:1V: VT 2624728
2025-11-13 00:00:00+00:00,35,1,2857274,87.75,87.75,87.75,87.75,1,UD:1V: VT 2857274
2025-11-13 00:00:00+00:00,35,1,2776671,-2.05,-2.05,-2.05,-2.05,1,UD:1V: 3W 2776671
2025-11-13 00:00:00+00:00,35,1,2855210,14.5,14.75,14.25,14.25,75,UD:1V: VT 2855210
2025-11-13 00:00:00+00:00,35,1,2625015,29.75,29.75,29.75,29.75,250,UD:1V:CFO 2625015
2025-11-13 00:00:00+00:00,35,1,2601246,30.5,30.5,21.75,21.75,26,UD:1V: BO 2601246
2025-11-13 00:00:00+00:00,35,1,2631844,17.75,17.75,17.75,17.75,1,UD:1V: VT 2631844
2025-11-13 00:00:00+00:00,35,1,2603549,6.0,8.0,6.0,8.0,4,UD:1V: GN 2603549
2025-11-13 00:00:00+00:00,35,1,2770184,-5.55,-4.95,-5.55,-4.95,99,UD:1V: GN 2770184
2025-11-13 00:00:00+00:00,35,1,2627194,147.0,147.0,147.0,147.0,1,UD:1V: VT 2627194
2025-11-13 00:00:00+00:00,35,1,2703665,17.75,17.75,17.75,17.75,10,UD:1V: BO 2703665
2025-11-13 00:00:00+00:00,35,1,2770465,51.5,51.5,48.25,48.25,71,UD:1V: VT 2770465
2025-11-13 00:00:00+00:00,35,1,2702466,15.25,15.25,15.25,15.25,25,UD:1V: 12 2702466
2025-11-13 00:00:00+00:00,35,1,2598691,23.0,23.25,21.25,21.25,46,UD:1V: VT 2598691
2025-11-13 00:00:00+00:00,35,1,2601121,4.8,4.8,4.8,4.8,1,UD:1V: VT 2601121
2025-11-13 00:00:00+00:00,35,1,2600139,18.0,18.0,18.0,18.0,2,UD:1V: GN 2600139
2025-11-13 00:00:00+00:00,35,1,2777580,30.5,31.0,30.5,31.0,47,UD:1V: VT 2777580
2025-11-13 00:00:00+00:00,35,1,2856638,3.5,3.5,3.5,3.5,1,UD:1V: VT 2856638
2025-11-13 00:00:00+00:00,35,1,2797600,3.7,3.7,3.5,3.5,2,UD:1V: GN 2797600
2025-11-13 00:00:00+00:00,35,1,2624625,35.75,35.75,35.75,35.75,1,UD:1V: SG 2624625
2025-11-13 00:00:00+00:00,35,1,2854034,100.5,100.5,100.5,100.5,200,UD:1V:CVT 2854034
2025-11-13 00:00:00+00:00,35,1,2627467,53.0,53.0,53.0,53.0,1,UD:1V: SG 2627467
2025-11-13 00:00:00+00:00,35,1,2771793,5.8,5.85,5.8,5.85,2,UD:1V: VT 2771793
2025-11-13 00:00:00+00:00,35,1,2702597,3.9,4.3,3.7,4.3,12,UD:1V: VT 2702597
2025-11-13 00:00:00+00:00,35,1,2559054,12.0,12.0,11.75,11.75,16,UD:1V: VT 2559054
2025-11-13 00:00:00+00:00,35,1,2771005,77.0,77.0,77.0,77.0,1,UD:1V: VT 2771005
2025-11-13 00:00:00+00:00,35,1,2854695,63.25,63.25,60.75,60.75,18,UD:1V: GN 2854695
2025-11-13 00:00:00+00:00,35,1,2777557,18.5,18.75,18.5,18.75,30,UD:1V: VT 2777557
2025-11-13 00:00:00+00:00,35,1,2682806,128.25,128.25,128.25,128.25,1,UD:1V: GN 2682806
2025-11-13 00:00:00+00:00,35,1,2778371,-16.0,-16.0,-16.0,-16.0,1,UD:1V: 12 2778371
2025-11-13 00:00:00+00:00,35,1,2775966,-12.25,-12.25,-12.25,-12.25,1,UD:1V: GN 2775966
2025-11-13 00:00:00+00:00,35,1,2784478,32.5,32.5,32.5,32.5,1,UD:1V: VT 2784478
2025-11-13 00:00:00+00:00,35,1,2774777,542.75,546.5,542.75,545.75,3,UD:1V: ST 2774777
2025-11-13 00:00:00+00:00,35,1,2631554,8.75,9.5,8.75,9.25,16,UD:1V: VT 2631554
2025-11-13 00:00:00+00:00,35,1,2627303,253.0,259.0,253.0,259.0,19,UD:1V: ST 2627303
2025-11-13 00:00:00+00:00,35,1,2776074,2.7,2.7,2.7,2.7,98,UD:1V: VT 2776074
2025-11-13 00:00:00+00:00,35,1,2598419,3.35,3.35,3.35,3.35,1,UD:1V: VT 2598419
2025-11-13 00:00:00+00:00,35,1,2770150,8.4,8.4,8.4,8.4,10,UD:1V: IC 2770150
2025-11-13 00:00:00+00:00,35,1,2602248,148.25,148.25,148.25,148.25,1,UD:1V: GN 2602248
2025-11-13 00:00:00+00:00,35,1,2777007,-1.2,-1.2,-1.25,-1.25,22,UD:1V: 12 2777007
2025-11-13 00:00:00+00:00,35,1,2601065,102.25,102.25,102.25,102.25,6,UD:1V: GN 2601065
2025-11-13 00:00:00+00:00,35,1,2946870,4.1,6.3,4.1,6.25,302,UD:1V: VT 2946870
2025-11-13 00:00:00+00:00,35,1,2927292,7.0,7.0,7.0,7.0,205,UD:1V: VT 2927292
2025-11-13 00:00:00+00:00,35,1,2602243,5.4,5.4,2.7,2.7,11,UD:1V: VT 2602243
2025-11-13 00:00:00+00:00,35,1,2630210,-8.0,-8.0,-40.0,-40.0,2,UD:1V: RR 2630210
2025-11-13 00:00:00+00:00,35,1,2536884,19.5,19.5,15.5,15.5,772,UD:1V: VT 2536884
2025-11-13 00:00:00+00:00,35,1,2601388,19.0,25.0,19.0,25.0,8,UD:1V: VT 2601388
2025-11-13 00:00:00+00:00,35,1,2601207,1.8,1.8,1.8,1.8,1,UD:1V: GN 2601207
2025-11-13 00:00:00+00:00,35,1,2777829,-25.0,-25.0,-25.0,-25.0,1,UD:1V: GN 2777829
2025-11-13 00:00:00+00:00,35,1,2703081,5.75,7.85,5.75,7.85,15,UD:1V: VT 2703081
2025-11-13 00:00:00+00:00,35,1,2628096,3.8,3.8,3.8,3.8,306,UD:1V: VT 2628096
2025-11-13 00:00:00+00:00,35,1,2856038,2.95,2.95,2.95,2.95,1,UD:1V: GN 2856038
2025-11-13 00:00:00+00:00,35,1,2598711,9.45,9.45,9.45,9.45,1,UD:1V: VT 2598711
2025-11-13 00:00:00+00:00,35,1,2775696,-51.0,-51.0,-51.0,-51.0,2,UD:1V: GN 2775696
2025-11-13 00:00:00+00:00,35,1,2629944,63.75,72.25,63.75,71.5,3,UD:1V: VT 2629944
2025-11-13 00:00:00+00:00,35,1,2856559,-2.05,-2.05,-2.05,-2.05,32,UD:1V: 12 2856559
2025-11-13 00:00:00+00:00,35,1,2557206,48.0,48.0,38.75,38.75,477,UD:1V: VT 2557206
2025-11-13 00:00:00+00:00,35,1,2624843,15.5,15.5,15.0,15.0,9,UD:1V: VT 2624843
2025-11-13 00:00:00+00:00,35,1,2776227,20.75,21.0,20.25,21.0,3,UD:1V: VT 2776227
2025-11-13 00:00:00+00:00,35,1,2602070,3.7,3.75,3.2,3.35,139,UD:1V: VT 2602070
2025-11-13 00:00:00+00:00,35,1,2855659,35.0,35.0,35.0,35.0,1,UD:1V: VT 2855659
2025-11-13 00:00:00+00:00,35,1,2604119,4.55,4.55,4.55,4.55,48,UD:1V: GN 2604119
2025-11-13 00:00:00+00:00,35,1,2771586,-1.0,-1.0,-1.0,-1.0,1,UD:1V: GN 2771586
2025-11-13 00:00:00+00:00,35,1,2855258,54.75,54.75,54.75,54.75,1,UD:1V: VT 2855258
2025-11-13 00:00:00+00:00,35,1,2691338,91.75,94.5,91.75,94.5,209,UD:1V:CFO 2691338
2025-11-13 00:00:00+00:00,35,1,2773409,7.0,7.0,7.0,7.0,3,UD:1V: IC 2773409
2025-11-13 00:00:00+00:00,35,1,2986513,20.0,22.75,20.0,22.75,2,UD:1V: VT 2986513
2025-11-13 00:00:00+00:00,35,1,2770761,60.5,64.25,60.5,64.25,2,UD:1V: GN 2770761
2025-11-13 00:00:00+00:00,35,1,2770616,9.15,9.15,9.15,9.15,1,UD:1V: IC 2770616
2025-11-13 00:00:00+00:00,35,1,2789204,89.25,89.25,89.25,89.25,100,UD:1V:CVT 2789204
2025-11-13 00:00:00+00:00,35,1,2598370,66.5,66.5,53.25,54.0,151,UD:1V: VT 2598370
2025-11-13 00:00:00+00:00,35,1,2854313,4.65,4.65,4.65,4.65,1,UD:1V: VT 2854313
2025-11-13 00:00:00+00:00,35,1,2797673,-32.75,-32.75,-33.5,-33.5,845,UD:1V:CRR 2797673
2025-11-13 00:00:00+00:00,35,1,2639147,4.8,4.8,4.8,4.8,1,UD:1V: GN 2639147
2025-11-13 00:00:00+00:00,35,1,2859393,11.5,15.25,11.5,15.25,127,UD:1V: VT 2859393
2025-11-13 00:00:00+00:00,35,1,2598366,21.0,26.5,21.0,26.5,158,UD:1V: VT 2598366
2025-11-13 00:00:00+00:00,35,1,2598316,25.75,25.75,25.25,25.75,220,UD:1V: VT 2598316
2025-11-13 00:00:00+00:00,35,1,2771224,-9.0,-9.0,-9.0,-9.0,1,UD:1V: GN 2771224
2025-11-13 00:00:00+00:00,35,1,2702720,-1.1,-1.1,-1.1,-1.1,1,UD:1V: GN 2702720
2025-11-13 00:00:00+00:00,35,1,2855618,198.75,198.75,198.75,198.75,1,UD:1V: BX 2855618
2025-11-13 00:00:00+00:00,35,1,2537254,1.2,1.2,1.2,1.2,1,UD:1V: 13 2537254
2025-11-13 00:00:00+00:00,35,1,2771181,14.5,15.75,13.75,15.75,329,UD:1V: VT 2771181
2025-11-13 00:00:00+00:00,35,1,2624006,-3.25,-3.25,-3.25,-3.25,1,UD:1V: GN 2624006
2025-11-13 00:00:00+00:00,35,1,2602100,-11.25,-11.25,-11.25,-11.25,1,UD:1V: GN 2602100
2025-11-13 00:00:00+00:00,35,1,2703715,7.85,7.85,7.85,7.85,2,UD:1V: VT 2703715
2025-11-13 00:00:00+00:00,35,1,2856202,-1.0,-1.0,-1.0,-1.0,1,UD:1V: GN 2856202
2025-11-13 00:00:00+00:00,35,1,2598704,9.85,11.5,9.85,11.5,2,UD:1V: VT 2598704
2025-11-13 00:00:00+00:00,35,1,42542056,160.75,160.75,106.25,106.75,84,ESZ5 C6825
2025-11-13 00:00:00+00:00,35,1,702487,1.75,1.8,1.75,1.8,6,ESZ5 P4200
2025-11-13 00:00:00+00:00,35,1,42431176,2.15,2.5,2.15,2.5,3,ESH6 P2400
2025-11-13 00:00:00+00:00,35,1,273096,38.75,72.0,36.75,61.5,1850,ESZ5 P6500
2025-11-13 00:00:00+00:00,35,1,42347098,31.0,36.0,17.75,18.0,1963,ESZ5 C7100
2025-11-13 00:00:00+00:00,35,1,42616127,2.6,2.6,1.8,1.8,30,ESZ5 C7425
2025-11-13 00:00:00+00:00,35,1,42586223,28.25,28.25,18.5,18.5,51,ESH6 C7650
2025-11-13 00:00:00+00:00,35,1,42360084,2.05,2.45,2.05,2.35,3,ESZ5 P4550
2025-11-13 00:00:00+00:00,35,1,42471095,11.75,11.75,11.75,11.75,30,ESU6 C8800
2025-11-13 00:00:00+00:00,35,1,466006,2.45,3.6,2.45,3.6,12,ESZ5 P4900
2025-11-13 00:00:00+00:00,35,1,42487843,465.75,465.75,462.5,462.5,92,ESM6 P7150
2025-11-13 00:00:00+00:00,35,1,42427501,282.75,351.5,279.75,350.0,15,ESH6 P7000
2025-11-13 00:00:00+00:00,35,1,42594300,216.0,216.0,191.25,191.25,8,ESZ5 C6675
2025-11-13 00:00:00+00:00,35,1,42621249,19.25,27.5,19.25,27.5,4,ESZ5 P6175
2025-11-13 00:00:00+00:00,35,1,42384726,74.75,85.75,74.75,85.75,27,ESM6 P5500
2025-11-13 00:00:00+00:00,35,1,42366525,14.5,14.5,14.5,14.5,30,ESM6 C8200
2025-11-13 00:00:00+00:00,35,1,42607737,0.65,0.65,0.45,0.45,1469,ESZ5 C7650
2025-11-13 00:00:00+00:00,35,1,434884,0.65,0.65,0.65,0.65,10,ESZ5 P3500
2025-11-13 00:00:00+00:00,35,1,42429674,199.5,229.25,196.0,229.25,22,ESH6 P6700
2025-11-13 00:00:00+00:00,35,1,329308,0.25,0.25,0.25,0.25,7,ESZ5 P2800
2025-11-13 00:00:00+00:00,35,1,42536256,388.0,428.0,388.0,428.0,3,ESH7 P6600
2025-11-13 00:00:00+00:00,35,1,42631591,5.65,5.65,5.65,5.65,5,ESZ5 P5325
2025-11-13 00:00:00+00:00,35,1,434889,0.65,0.85,0.65,0.85,3,ESZ5 P3700
2025-11-13 00:00:00+00:00,35,1,42405134,1.45,1.45,1.35,1.35,2,ESZ5 P4150
2025-11-13 00:00:00+00:00,35,1,42422428,319.25,319.25,269.5,269.5,153,ESH6 C6850
2025-11-13 00:00:00+00:00,35,1,42542217,94.5,124.75,88.0,121.5,149,ESZ5 P6725
2025-11-13 00:00:00+00:00,35,1,559948,15.75,15.75,15.75,15.75,1,ESZ6 P2600
2025-11-13 00:00:00+00:00,35,1,695927,5.35,8.5,5.0,8.5,244,ESZ5 P5400
2025-11-13 00:00:00+00:00,35,1,42428245,40.25,40.5,40.25,40.5,27,ESH6 P5300
2025-11-13 00:00:00+00:00,35,1,306997,8.95,14.5,8.95,14.5,72,ESZ5 P5800
2025-11-13 00:00:00+00:00,35,1,42602552,6.35,6.35,6.35,6.35,33,ESZ6 C9600
2025-11-13 00:00:00+00:00,35,1,42621227,8.65,12.0,8.5,12.0,125,ESZ5 P5675
2025-11-13 00:00:00+00:00,35,1,42427507,341.25,341.25,316.5,317.5,115,ESH6 C6800
2025-11-13 00:00:00+00:00,35,1,42615224,30.25,30.25,30.0,30.0,3,ESH6 C7550
2025-11-13 00:00:00+00:00,35,1,364999,4.6,6.95,4.6,6.95,104,ESZ5 P5300
2025-11-13 00:00:00+00:00,35,1,42404325,20.75,21.0,20.75,21.0,6,ESM6 P3800
2025-11-13 00:00:00+00:00,35,1,42430465,410.25,410.25,410.25,410.25,1,ESH6 C6700
2025-11-13 00:00:00+00:00,35,1,42483458,314.0,381.75,314.0,381.75,105,ESH6 P7050
2025-11-13 00:00:00+00:00,35,1,42491984,45.0,50.25,25.5,26.0,773,ESZ5 C7050
2025-11-13 00:00:00+00:00,35,1,42301262,243.5,243.5,217.5,217.5,2,ESZ6 C7600
2025-11-13 00:00:00+00:00,35,1,42483101,256.5,257.5,213.5,213.5,86,ESH6 C6950
2025-11-13 00:00:00+00:00,35,1,42403724,9.25,9.45,8.5,8.5,150,ESM6 C8400
2025-11-13 00:00:00+00:00,35,1,42594518,5.25,6.5,5.25,6.5,17,ESZ5 P5425
2025-11-13 00:00:00+00:00,35,1,42429672,5.8,6.8,5.75,6.8,15,ESH6 P3300
2025-11-13 00:00:00+00:00,35,1,374331,0.4,0.7,0.4,0.7,370,ESZ5 P3600
2025-11-13 00:00:00+00:00,35,1,42672421,123.0,123.0,110.0,110.0,10,ESH7 C8300
2025-11-13 00:00:00+00:00,35,1,42441336,163.25,163.25,163.25,163.25,23,ESU6 C7550
2025-11-13 00:00:00+00:00,35,1,42387472,1.3,1.3,1.3,1.3,32,ESZ5 P4250
2025-11-13 00:00:00+00:00,35,1,42483259,10.0,10.0,5.45,5.45,2198,ESZ5 C7250
2025-11-13 00:00:00+00:00,35,1,42428996,2.3,2.4,2.3,2.4,4,ESH6 P2500
2025-11-13 00:00:00+00:00,35,1,42394833,3.85,3.85,3.85,3.85,1,ESM6 P2100
2025-11-13 00:00:00+00:00,35,1,4124461,54.75,95.0,49.0,94.25,690,ESZ5 P6600
2025-11-13 00:00:00+00:00,35,1,42366506,42.0,43.25,42.0,43.25,32,ESM6 P4700
2025-11-13 00:00:00+00:00,35,1,42428997,5.15,5.15,5.15,5.15,1,ESH6 P3200
2025-11-13 00:00:00+00:00,35,1,42427499,53.0,53.0,53.0,53.0,1,ESH6 P5700
2025-11-13 00:00:00+00:00,35,1,42394733,64.75,64.75,64.75,64.75,4,ESM6 P5300
2025-11-13 00:00:00+00:00,35,1,42429011,287.0,288.0,231.75,231.75,86,ESH6 C6900
2025-11-13 00:00:00+00:00,35,1,42430464,125.5,125.75,94.25,96.5,59,ESH6 C7200
2025-11-13 00:00:00+00:00,35,1,42387577,186.0,186.0,186.0,186.0,1,ESZ9 P4300
2025-11-13 00:00:00+00:00,35,1,42431181,156.0,194.0,156.0,194.0,21,ESH6 P6600
2025-11-13 00:00:00+00:00,35,1,42483456,202.0,202.0,154.0,154.0,25,ESH6 C7050
2025-11-13 00:00:00+00:00,35,1,42431943,40.0,48.0,40.0,48.0,2,ESH6 P5500
2025-11-13 00:00:00+00:00,35,1,42405201,4.55,6.6,4.55,6.3,331,ESZ5 P5250
2025-11-13 00:00:00+00:00,35,1,335017,9.7,17.25,9.5,16.0,399,ESZ5 P5900
2025-11-13 00:00:00+00:00,35,1,42430442,45.5,46.5,33.0,33.75,54,ESH6 C7500
2025-11-13 00:00:00+00:00,35,1,412070,0.7,1.4,0.7,1.4,66,ESZ5 P4000
2025-11-13 00:00:00+00:00,35,1,42561719,151.75,151.75,151.75,151.75,8,ESZ6 C7850
2025-11-13 00:00:00+00:00,35,1,274812,1.6,1.6,1.0,1.0,264,ESZ5 C7500
2025-11-13 00:00:00+00:00,35,1,42431188,1999.5,1999.5,1985.25,1996.0,20,ESH6 C4900
2025-11-13 00:00:00+00:00,35,1,42184319,81.5,142.0,80.5,129.5,441,ESZ5 P6750
2025-11-13 00:00:00+00:00,35,1,42429008,1871.75,1871.75,1869.75,1869.75,8,ESH6 C5000
2025-11-13 00:00:00+00:00,35,1,42426737,9.45,10.5,9.45,10.0,59,ESH6 P3800
2025-11-13 00:00:00+00:00,35,1,42426740,86.25,91.75,86.25,91.75,2,ESH6 P6100
2025-11-13 00:00:00+00:00,35,1,42643081,40.75,42.25,21.0,21.75,463,ESZ5 C7075
2025-11-13 00:00:00+00:00,35,1,42434257,216.25,216.25,145.0,150.0,103,ESZ5 C6750
2025-11-13 00:00:00+00:00,35,1,42631595,9.95,13.0,9.7,12.75,54,ESZ5 P5875
2025-11-13 00:00:00+00:00,35,1,42496686,24.75,24.75,21.5,21.5,11,ESU6 C8500
2025-11-13 00:00:00+00:00,35,1,42499828,146.0,146.0,130.25,130.5,5,ESH6 C7150
2025-11-13 00:00:00+00:00,35,1,42487790,32.25,49.75,32.25,49.75,58,ESZ5 P6425
2025-11-13 00:00:00+00:00,35,1,42636235,85.25,85.25,58.0,61.5,118,ESZ5 C6925
2025-11-13 00:00:00+00:00,35,1,42375724,5.25,6.05,5.2,6.05,185,ESZ5 P5350
2025-11-13 00:00:00+00:00,35,1,42427493,0.5,0.6,0.5,0.6,1002,ESH6 P1500
2025-11-13 00:00:00+00:00,35,1,42393450,22.5,22.5,22.5,22.5,1,ESH6 P4850
2025-11-13 00:00:00+00:00,35,1,597214,1.2,1.2,1.2,1.2,4,ESZ5 P3900
2025-11-13 00:00:00+00:00,35,1,42387471,24.75,48.75,24.75,48.0,248,ESZ5 P6350
2025-11-13 00:00:00+00:00,35,1,42431180,66.75,81.0,66.0,81.0,17,ESH6 P5900
2025-11-13 00:00:00+00:00,35,1,42615019,90.5,91.5,90.5,91.5,8,ESH7 C8500
2025-11-13 00:00:00+00:00,35,1,42459758,96.25,96.25,96.25,96.25,1,ESZ6 C8200
2025-11-13 00:00:00+00:00,35,1,42623631,36.75,36.75,36.75,36.75,25,ESZ6 P3750
2025-11-13 00:00:00+00:00,35,1,42427413,184.75,184.75,184.75,184.75,15,ESH6 P6550
2025-11-13 00:00:00+00:00,35,1,42741100,86.5,86.5,68.25,68.25,31,ESZ5 C6905
2025-11-13 00:00:00+00:00,35,1,453655,28.0,56.5,28.0,52.75,496,ESZ5 P6400
2025-11-13 00:00:00+00:00,35,1,42468255,158.0,158.0,158.0,158.0,1,ESZ9 P4100
2025-11-13 00:00:00+00:00,35,1,42523727,21.5,21.5,21.5,21.5,4,ESZ8 C12000
2025-11-13 00:00:00+00:00,35,1,42402153,2.7,2.7,2.7,2.7,1,ESZ5 P4650
2025-11-13 00:00:00+00:00,35,1,42431946,235.75,282.0,235.75,282.0,17,ESH6 P6900
2025-11-13 00:00:00+00:00,35,1,42487846,16.25,16.25,16.25,16.25,1,ESU6 C8700
2025-11-13 00:00:00+00:00,35,1,42428850,80.75,82.0,51.25,52.0,393,ESZ5 C6950
2025-11-13 00:00:00+00:00,35,1,2774344,1.2,1.2,1.2,1.2,1,UD:1V: GN 2774344
2025-11-13 00:00:00+00:00,35,1,2778441,5.1,5.1,5.1,5.1,1,UD:1V: IC 2778441
2025-11-13 00:00:00+00:00,35,1,2601167,2.2,2.2,0.8,0.8,7,UD:1V: GN 2601167
2025-11-13 00:00:00+00:00,35,1,2597832,32.5,35.5,32.5,35.5,82,UD:1V: VT 2597832
2025-11-13 00:00:00+00:00,35,1,2776935,135.75,135.75,135.75,135.75,1,UD:1V: SG 2776935
2025-11-13 00:00:00+00:00,35,1,2855245,84.0,84.0,84.0,84.0,1,UD:1V: GN 2855245
2025-11-13 00:00:00+00:00,35,1,2600990,3.6,3.6,3.6,3.6,10,UD:1V: GN 2600990
2025-11-13 00:00:00+00:00,35,1,2604115,-0.1,-0.1,-0.15,-0.15,204,UD:1V: 12 2604115
2025-11-13 00:00:00+00:00,35,1,2629434,36.25,36.25,36.25,36.25,120,UD:1V: GN 2629434
2025-11-13 00:00:00+00:00,35,1,2604609,16.25,16.25,15.5,15.5,106,UD:1V: BO 2604609
2025-11-13 00:00:00+00:00,35,1,2633806,15.0,15.0,15.0,15.0,1,UD:1V: GN 2633806
2025-11-13 00:00:00+00:00,35,1,2856126,17.5,17.5,16.5,16.5,7,UD:1V: GN 2856126
2025-11-13 00:00:00+00:00,35,1,2601219,-13.5,-13.5,-13.5,-13.5,1,UD:1V: 12 2601219
2025-11-13 00:00:00+00:00,35,1,2544798,24.5,24.5,19.25,19.25,1177,UD:1V: VT 2544798
2025-11-13 00:00:00+00:00,35,1,2775177,-11.75,-11.75,-11.75,-11.75,44,UD:1V: GN 2775177
2025-11-13 00:00:00+00:00,35,1,2601586,1.4,1.4,0.8,0.8,603,UD:1V: VT 2601586
2025-11-13 00:00:00+00:00,35,1,2775649,-1.95,-1.95,-1.95,-1.95,1,UD:1V: 12 2775649
2025-11-13 00:00:00+00:00,35,1,2771408,-4.5,-4.5,-4.55,-4.55,3,UD:1V: GN 2771408
2025-11-13 00:00:00+00:00,35,1,2630957,70.0,70.0,70.0,70.0,1,UD:1V: VT 2630957
2025-11-13 00:00:00+00:00,35,1,2797192,1.9,1.9,1.9,1.9,1,UD:1V: 12 2797192
2025-11-13 00:00:00+00:00,35,1,2778165,96.5,96.5,96.5,96.5,2,UD:1V: VT 2778165
2025-11-13 00:00:00+00:00,35,1,2629560,12.75,12.75,12.75,12.75,4,UD:1V: VT 2629560
2025-11-13 00:00:00+00:00,35,1,2629105,28.5,38.75,28.5,38.75,12,UD:1V: VT 2629105
2025-11-13 00:00:00+00:00,35,1,2598181,9.75,11.5,9.75,11.5,2,UD:1V: VT 2598181
2025-11-13 00:00:00+00:00,35,1,2771308,-11.5,-11.5,-11.5,-11.5,1,UD:1V: GN 2771308
2025-11-13 00:00:00+00:00,35,1,2628218,47.5,47.5,47.5,47.5,1,UD:1V: VT 2628218
2025-11-13 00:00:00+00:00,35,1,2713477,6.45,6.45,6.45,6.45,1,UD:1V: SG 2713477
2025-11-13 00:00:00+00:00,35,1,2602081,2.85,2.85,2.85,2.85,3,UD:1V: 12 2602081
2025-11-13 00:00:00+00:00,35,1,2774171,-32.0,-32.0,-32.0,-32.0,1,UD:1V: GN 2774171
2025-11-13 00:00:00+00:00,35,1,2797680,13.75,13.75,13.75,13.75,94,UD:1V: VT 2797680
2025-11-13 00:00:00+00:00,35,1,2601144,-9.0,-9.0,-17.5,-17.5,10,UD:1V: 12 2601144
2025-11-13 00:00:00+00:00,35,1,2854446,43.0,43.0,42.25,42.25,3,UD:1V: VT 2854446
2025-11-13 00:00:00+00:00,35,1,2688660,-10.0,-10.0,-13.0,-13.0,51,UD:1V: GN 2688660
2025-11-13 00:00:00+00:00,35,1,2603769,40.25,40.25,40.25,40.25,1,UD:1V: 23 2603769
2025-11-13 00:00:00+00:00,35,1,2713698,-10.75,-10.75,-10.75,-10.75,50,UD:1V:CRR 2713698
2025-11-13 00:00:00+00:00,35,1,2603111,30.75,30.75,30.75,30.75,22,UD:1V: BO 2603111
2025-11-13 00:00:00+00:00,35,1,2604120,4.6,4.6,3.9,3.9,87,UD:1V: GN 2604120
2025-11-13 00:00:00+00:00,35,1,2630088,160.0,160.0,160.0,160.0,2,UD:1V: GN 2630088
2025-11-13 00:00:00+00:00,35,1,2776488,25.75,25.75,25.75,25.75,20,UD:1V: VT 2776488
2025-11-13 00:00:00+00:00,35,1,2776793,526.0,526.0,520.5,524.0,4,UD:1V: GN 2776793
2025-11-13 00:00:00+00:00,35,1,2856713,-2.15,-2.15,-2.15,-2.15,1,UD:1V: GN 2856713
2025-11-13 00:00:00+00:00,35,1,2628756,15.25,15.25,14.25,14.25,2,UD:1V: VT 2628756
2025-11-13 00:00:00+00:00,35,1,2634339,32.0,38.0,32.0,37.25,54,UD:1V: VT 2634339
2025-11-13 00:00:00+00:00,35,1,2774393,1.3,1.3,1.3,1.3,532,UD:1V: VT 2774393
2025-11-13 00:00:00+00:00,35,1,2579084,9.35,11.0,9.1,11.0,146,UD:1V: VT 2579084
2025-11-13 00:00:00+00:00,35,1,2597831,57.25,57.25,57.25,57.25,1,UD:1V: IC 2597831
2025-11-13 00:00:00+00:00,35,1,2605298,4.5,4.5,-0.7,-0.7,26,UD:1V: 12 2605298
2025-11-13 00:00:00+00:00,35,1,2777520,1.0,1.0,1.0,1.0,1,UD:1V: 12 2777520
2025-11-13 00:00:00+00:00,35,1,2722181,74.25,74.25,74.25,74.25,1,UD:1V: 23 2722181
2025-11-13 00:00:00+00:00,35,1,2597823,31.25,31.25,19.0,20.25,668,UD:1V: VT 2597823
2025-11-13 00:00:00+00:00,35,1,2627473,1.45,1.45,1.4,1.4,4,UD:1V: 12 2627473
2025-11-13 00:00:00+00:00,35,1,2774122,-12.0,-12.0,-12.0,-12.0,1,UD:1V: GN 2774122
2025-11-13 00:00:00+00:00,35,1,2626770,99.0,104.25,97.0,104.25,3,UD:1V: VT 2626770
2025-11-13 00:00:00+00:00,35,1,2776996,291.5,291.5,290.75,290.75,2,UD:1V: GN 2776996
2025-11-13 00:00:00+00:00,35,1,2599870,61.5,61.5,61.5,61.5,1,UD:1V: VT 2599870
2025-11-13 00:00:00+00:00,35,1,2797113,277.5,277.5,277.5,277.5,10,UD:1V: ST 2797113
2025-11-13 00:00:00+00:00,35,1,2598748,15.5,24.0,15.5,24.0,20,UD:1V: VT 2598748
2025-11-13 00:00:00+00:00,35,1,2595346,14.5,20.25,14.5,18.5,117,UD:1V: GN 2595346
2025-11-13 00:00:00+00:00,35,1,2772059,-26.0,-26.0,-26.0,-26.0,1,UD:1V: GN 2772059
2025-11-13 00:00:00+00:00,35,1,2627109,1000.25,1000.25,996.25,996.25,80,UD:1V: ST 2627109
2025-11-13 00:00:00+00:00,35,1,2683129,18.25,20.0,18.25,20.0,6,UD:1V: VT 2683129
2025-11-13 00:00:00+00:00,35,1,2598646,6.6,8.3,6.6,8.3,225,UD:1V: VT 2598646
2025-11-13 00:00:00+00:00,35,1,2746807,3.8,3.8,3.1,3.1,2,UD:1V: VT 2746807
2025-11-13 00:00:00+00:00,35,1,2855368,182.75,186.75,182.75,186.75,3360,UD:1V: GN 2855368
2025-11-13 00:00:00+00:00,35,1,2855277,7.95,7.95,7.95,7.95,1,UD:1V: VT 2855277
2025-11-13 00:00:00+00:00,35,1,2627788,4.5,4.5,4.5,4.5,50,UD:1V: 12 2627788
2025-11-13 00:00:00+00:00,35,1,2537461,-20.0,-20.0,-28.0,-28.0,25,UD:1V: GN 2537461
2025-11-13 00:00:00+00:00,35,1,2629644,0.75,0.75,0.75,0.75,1,UD:1V: 12 2629644
2025-11-13 00:00:00+00:00,35,1,2627845,15.5,15.5,15.5,15.5,1,UD:1V: SG 2627845
2025-11-13 00:00:00+00:00,35,1,2627579,46.5,51.25,46.5,51.25,2,UD:1V: GN 2627579
2025-11-13 00:00:00+00:00,35,1,2598751,75.5,75.5,75.5,75.5,65,UD:1V: VT 2598751
2025-11-13 00:00:00+00:00,35,1,2598993,25.25,28.5,25.25,28.5,33,UD:1V: VT 2598993
2025-11-13 00:00:00+00:00,35,1,2631853,-1.0,-0.9,-1.0,-0.9,100,UD:1V:CGN 2631853
2025-11-13 00:00:00+00:00,35,1,2749752,10.25,13.0,10.25,13.0,46,UD:1V: VT 2749752
2025-11-13 00:00:00+00:00,35,1,2599012,18.0,22.75,18.0,22.75,115,UD:1V: VT 2599012
2025-11-13 00:00:00+00:00,35,1,2704193,37.0,46.5,37.0,46.5,41,UD:1V: VT 2704193
2025-11-13 00:00:00+00:00,35,1,2605078,59.25,59.25,59.25,59.25,1,UD:1V: 3W 2605078
2025-11-13 00:00:00+00:00,35,1,2537949,3.0,3.0,3.0,3.0,2,UD:1V: VT 2537949
2025-11-13 00:00:00+00:00,35,1,2854107,-16.0,-16.0,-16.25,-16.25,155,UD:1V:CRR 2854107
2025-11-13 00:00:00+00:00,35,1,2855255,1.55,1.55,1.55,1.55,2,UD:1V: VT 2855255
2025-11-13 00:00:00+00:00,35,1,2854087,44.5,44.5,44.5,44.5,86,UD:1V:CFO 2854087
2025-11-13 00:00:00+00:00,35,1,2629027,63.0,63.0,63.0,63.0,50,UD:1V: 12 2629027
2025-11-13 00:00:00+00:00,35,1,2631151,63.75,63.75,63.75,63.75,50,UD:1V: DG 2631151
2025-11-13 00:00:00+00:00,35,1,2878150,12.25,12.25,12.25,12.25,1,UD:1V: VT 2878150
2025-11-13 00:00:00+00:00,35,1,2552818,13.75,13.75,13.75,13.75,6,UD:1V: VT 2552818
2025-11-13 00:00:00+00:00,35,1,2770221,1.9,1.9,1.9,1.9,2,UD:1V: VT 2770221
2025-11-13 00:00:00+00:00,35,1,2771271,-20.0,-20.0,-20.0,-20.0,1,UD:1V: GN 2771271
2025-11-13 00:00:00+00:00,35,1,2797539,-23.75,-23.75,-23.75,-23.75,1,UD:1V: GN 2797539
2025-11-13 00:00:00+00:00,35,1,2631950,6.5,8.9,6.45,8.9,295,UD:1V: 12 2631950
2025-11-13 00:00:00+00:00,35,1,2597826,41.0,42.5,29.75,29.75,9,UD:1V: VT 2597826
2025-11-13 00:00:00+00:00,35,1,2772434,84.0,84.0,84.0,84.0,5,UD:1V: GN 2772434
2025-11-13 00:00:00+00:00,35,1,2630139,96.75,97.0,96.75,97.0,3,UD:1V: GN 2630139
2025-11-13 00:00:00+00:00,35,1,2598783,32.5,32.5,32.5,32.5,1,UD:1V: VT 2598783
2025-11-13 00:00:00+00:00,35,1,2625271,17.5,26.25,17.5,26.25,44,UD:1V: VT 2625271
2025-11-13 00:00:00+00:00,35,1,2856221,111.5,111.5,111.5,111.5,1,UD:1V: GN 2856221
2025-11-13 00:00:00+00:00,35,1,2601251,4.25,4.25,4.25,4.25,1,UD:1V: VT 2601251
2025-11-13 00:00:00+00:00,35,1,547283,105.5,105.5,105.5,105.5,30,ESZ6 P5000
2025-11-13 00:00:00+00:00,35,1,42487786,237.0,237.0,237.0,237.0,1,ESZ5 C6625
2025-11-13 00:00:00+00:00,35,1,42430449,11.0,12.25,11.0,12.25,8,ESH6 P4000
2025-11-13 00:00:00+00:00,35,1,42559349,102.5,102.5,102.5,102.5,1,ESH7 P4750
2025-11-13 00:00:00+00:00,35,1,42430450,14.25,14.25,14.25,14.25,5,ESH6 P4300
2025-11-13 00:00:00+00:00,35,1,42429000,18.75,18.75,18.0,18.0,4,ESH6 P4500
2025-11-13 00:00:00+00:00,35,1,329268,2.9,4.9,2.8,4.9,19,ESZ5 P5000
2025-11-13 00:00:00+00:00,35,1,42426741,173.75,173.75,173.75,173.75,1,ESH6 P6500
2025-11-13 00:00:00+00:00,35,1,4125961,251.0,256.25,251.0,256.25,2,ESZ5 C6600
2025-11-13 00:00:00+00:00,35,1,42735131,175.75,175.75,175.75,175.75,50,ESZ5 C6710
2025-11-13 00:00:00+00:00,35,1,42459576,197.25,197.25,197.25,197.25,4,ESH7 C7900
2025-11-13 00:00:00+00:00,35,1,42431179,21.0,24.5,21.0,24.5,10,ESH6 P4800
2025-11-13 00:00:00+00:00,35,1,42403723,11.75,11.75,11.75,11.75,10,ESM6 C8300
2025-11-13 00:00:00+00:00,35,1,637508,78.25,78.25,78.25,78.25,2,ESZ6 P4600
2025-11-13 00:00:00+00:00,35,1,42405115,0.9,0.9,0.9,0.9,4,ESZ5 P3950
2025-11-13 00:00:00+00:00,35,1,42529460,203.5,203.5,203.5,203.5,30,ESZ6 P5750
2025-11-13 00:00:00+00:00,35,1,42211575,6.25,6.25,6.25,6.25,1,ESU6 C9100
2025-11-13 00:00:00+00:00,35,1,42347340,2.4,2.4,2.4,2.4,20,ESZ5 P4850
2025-11-13 00:00:00+00:00,35,1,359024,2.0,3.4,2.0,3.4,6,ESZ5 P4800
2025-11-13 00:00:00+00:00,35,1,42321623,2.05,2.25,1.8,1.8,11,ESZ5 C7400
2025-11-13 00:00:00+00:00,35,1,42426734,69.0,69.0,49.25,49.25,17,ESH6 C7400
2025-11-13 00:00:00+00:00,35,1,42427508,176.25,176.25,131.75,131.75,35,ESH6 C7100
2025-11-13 00:00:00+00:00,35,1,42640079,118.75,167.75,118.75,162.5,36,ESZ5 P6825
2025-11-13 00:00:00+00:00,35,1,42397940,144.75,145.0,139.75,144.5,33,ESH6 P6350
2025-11-13 00:00:00+00:00,35,1,42426302,384.25,384.25,318.25,318.25,5,ESM6 C6950
2025-11-13 00:00:00+00:00,35,1,274794,15.0,15.25,7.8,8.45,3655,ESZ5 C7200
2025-11-13 00:00:00+00:00,35,1,42326176,6.25,6.25,5.0,5.0,12,ESH6 C8000
2025-11-13 00:00:00+00:00,35,1,42471358,424.75,424.75,424.75,424.75,12,ESU6 C7050
2025-11-13 00:00:00+00:00,35,1,272824,517.0,517.0,517.0,517.0,10,ESZ7 P6700
2025-11-13 00:00:00+00:00,35,1,42405230,36.25,43.0,36.25,43.0,71,ESH6 P5450
2025-11-13 00:00:00+00:00,35,1,42407576,43.0,77.0,43.0,74.0,62,ESZ5 P6550
2025-11-13 00:00:00+00:00,35,1,42287102,5.3,5.3,2.95,3.25,65,ESZ5 C7350
2025-11-13 00:00:00+00:00,35,1,42372969,353.75,353.75,291.0,291.0,5,ESM6 C7000
2025-11-13 00:00:00+00:00,35,1,221000,35.25,35.75,35.25,35.75,3,ESZ7 P2700
2025-11-13 00:00:00+00:00,35,1,42435427,188.25,224.0,188.25,224.0,63,ESH6 P6750
2025-11-13 00:00:00+00:00,35,1,42427500,111.75,134.0,111.75,132.75,134,ESH6 P6300
2025-11-13 00:00:00+00:00,35,1,42472880,29.75,29.75,29.75,29.75,1,ESU6 C8400
2025-11-13 00:00:00+00:00,35,1,42643088,40.0,77.5,40.0,76.0,265,ESZ5 P6525
2025-11-13 00:00:00+00:00,35,1,42640076,9.25,11.75,9.25,11.75,6,ESZ5 P5825
2025-11-13 00:00:00+00:00,35,1,692430,3.15,4.6,3.15,4.6,51,ESZ5 P5100
2025-11-13 00:00:00+00:00,35,1,42404337,31.5,33.25,31.5,33.25,131,ESM6 P4400
2025-11-13 00:00:00+00:00,35,1,42427496,3.1,3.1,3.1,3.1,3,ESH6 P2600
2025-11-13 00:00:00+00:00,35,1,341546,0.05,0.05,0.05,0.05,1,ESZ5 P2500
2025-11-13 00:00:00+00:00,35,1,42399756,6.6,7.5,6.6,7.5,6,ESM6 P2600
2025-11-13 00:00:00+00:00,35,1,42393432,5.9,9.65,5.9,9.55,20,ESZ5 P5550
2025-11-13 00:00:00+00:00,35,1,42430453,93.5,116.75,93.5,113.75,54,ESH6 P6200
2025-11-13 00:00:00+00:00,35,1,42080918,108.0,116.0,68.0,69.75,400,ESZ5 C6900
2025-11-13 00:00:00+00:00,35,1,42366511,75.25,75.25,75.25,75.25,1,ESM6 C7600
2025-11-13 00:00:00+00:00,35,1,272479,344.5,344.5,344.5,344.5,15,ESZ7 P6000
2025-11-13 00:00:00+00:00,35,1,42420172,115.0,115.0,97.75,97.75,5,ESZ6 C8100
2025-11-13 00:00:00+00:00,35,1,42631594,6.5,10.25,6.5,10.25,74,ESZ5 P5625
2025-11-13 00:00:00+00:00,35,1,42378218,19.25,19.5,19.25,19.5,6,ESM6 P3700
2025-11-13 00:00:00+00:00,35,1,42522935,143.0,144.5,129.75,129.75,11,ESH7 C8200
2025-11-13 00:00:00+00:00,35,1,42466965,121.0,121.0,121.0,121.0,34,ESM7 P4700
2025-11-13 00:00:00+00:00,35,1,42542188,12.5,18.75,12.5,18.75,4,ESZ5 P5975
2025-11-13 00:00:00+00:00,35,1,42384725,149.5,149.5,149.5,149.5,6,ESM6 C7400
2025-11-13 00:00:00+00:00,35,1,42487787,72.5,79.5,45.0,45.25,394,ESZ5 C6975
2025-11-13 00:00:00+00:00,35,1,42594519,10.25,18.0,10.25,18.0,18,ESZ5 P5925
2025-11-13 00:00:00+00:00,35,1,42405090,20.25,35.0,20.25,35.0,118,ESZ5 P6250
2025-11-13 00:00:00+00:00,35,1,42484588,120.0,188.25,110.5,183.75,220,ESZ5 P6850
2025-11-13 00:00:00+00:00,35,1,42360164,62.75,62.75,62.0,62.0,5,ESH6 P5850
2025-11-13 00:00:00+00:00,35,1,42409657,86.0,86.0,86.0,86.0,3,ESM6 P5600
2025-11-13 00:00:00+00:00,35,1,42631597,54.25,101.25,54.25,101.25,323,ESZ5 P6625
2025-11-13 00:00:00+00:00,35,1,42430981,166.0,181.0,166.0,181.0,9,ESZ5 P6950
2025-11-13 00:00:00+00:00,35,1,42431944,70.0,91.25,70.0,91.25,131,ESH6 P6000
2025-11-13 00:00:00+00:00,35,1,42643078,186.0,186.0,129.75,131.5,266,ESZ5 C6775
2025-11-13 00:00:00+00:00,35,1,42378217,10.75,10.75,10.75,10.75,3,ESM6 P3000
2025-11-13 00:00:00+00:00,35,1,42542107,5.65,8.15,5.65,8.15,22,ESZ5 P5475
2025-11-13 00:00:00+00:00,35,1,42409648,493.25,493.5,493.25,493.5,14,ESM6 C6700
2025-11-13 00:00:00+00:00,35,1,42487789,38.5,66.25,38.5,66.25,37,ESZ5 P6475
2025-11-13 00:00:00+00:00,35,1,42378374,467.5,471.0,467.5,471.0,20,ESM6 P7200
2025-11-13 00:00:00+00:00,35,1,42636238,5.85,10.0,5.85,10.0,8,ESZ5 P5525
2025-11-13 00:00:00+00:00,35,1,42438256,66.5,66.5,66.5,66.5,1,ESZ6 C8300
2025-11-13 00:00:00+00:00,35,1,42636240,15.25,25.5,15.25,25.5,92,ESZ5 P6075
2025-11-13 00:00:00+00:00,35,1,42630140,0.75,0.8,0.75,0.8,31,ESZ5 P3650
2025-11-13 00:00:00+00:00,35,1,42679430,4.15,4.15,3.15,3.2,28,ESZ5 C7375
2025-11-13 00:00:00+00:00,35,1,42347216,16.5,30.0,16.25,30.0,48,ESZ5 P6150
2025-11-13 00:00:00+00:00,35,1,780227,2.5,2.5,2.5,2.5,3,ESZ5 P4600
2025-11-13 00:00:00+00:00,35,1,42545724,107.5,109.25,87.25,87.25,37,ESH6 C7250
2025-11-13 00:00:00+00:00,35,1,42402150,7.2,11.5,7.2,10.75,68,ESZ5 P5650
2025-11-13 00:00:00+00:00,35,1,417558,14.25,25.5,14.25,23.5,379,ESZ5 P6100
2025-11-13 00:00:00+00:00,35,1,42394731,50.0,52.5,50.0,52.5,3,ESM6 P5000
2025-11-13 00:00:00+00:00,35,1,42402296,33.5,33.5,33.5,33.5,1,ESH6 P5250
2025-11-13 00:00:00+00:00,35,1,274849,0.5,0.5,0.5,0.5,1,ESZ5 C7700
2025-11-13 00:00:00+00:00,35,1,42636242,121.0,186.0,120.0,186.0,85,ESZ5 P6875
2025-11-13 00:00:00+00:00,35,1,205864,97.5,102.5,97.5,99.75,90,ESZ6 P4900
2025-11-13 00:00:00+00:00,35,1,42378541,190.0,199.0,190.0,199.0,51,ESM6 P6300
2025-11-13 00:00:00+00:00,35,1,42405200,1.35,2.3,1.35,2.15,11,ESZ5 P4450
2025-11-13 00:00:00+00:00,35,1,273455,67.0,122.75,67.0,116.75,198,ESZ5 P6700
2025-11-13 00:00:00+00:00,35,1,2566265,10.25,10.25,10.25,10.25,3,UD:1V: VT 2566265
2025-11-13 00:00:00+00:00,35,1,2855828,62.0,62.0,62.0,62.0,1,UD:1V: GN 2855828
2025-11-13 00:00:00+00:00,35,1,2771723,-27.5,-27.5,-27.5,-27.5,1,UD:1V: 3W 2771723
2025-11-13 00:00:00+00:00,35,1,2775935,-1.0,-1.0,-1.0,-1.0,1,UD:1V: GN 2775935
2025-11-13 00:00:00+00:00,35,1,2628872,14.25,14.5,14.25,14.5,100,UD:1V:CGN 2628872
2025-11-13 00:00:00+00:00,35,1,2604889,19.25,19.25,19.25,19.25,1,UD:1V: VT 2604889
2025-11-13 00:00:00+00:00,35,1,2774150,-0.2,-0.2,-0.3,-0.3,47,UD:1V: 12 2774150
2025-11-13 00:00:00+00:00,35,1,2777496,8.75,8.75,8.75,8.75,2,UD:1V: VT 2777496
2025-11-13 00:00:00+00:00,35,1,2597821,14.75,14.75,14.5,14.5,90,UD:1V: VT 2597821
2025-11-13 00:00:00+00:00,35,1,2630447,12.0,21.0,12.0,21.0,68,UD:1V: VT 2630447
2025-11-13 00:00:00+00:00,35,1,2856390,-0.85,-0.85,-0.85,-0.85,1,UD:1V: 12 2856390
2025-11-13 00:00:00+00:00,35,1,2773077,13.75,13.75,13.25,13.25,2,UD:1V: VT 2773077
2025-11-13 00:00:00+00:00,35,1,2624280,54.0,54.0,54.0,54.0,300,UD:1V:CVT 2624280
2025-11-13 00:00:00+00:00,35,1,2599168,6.8,6.8,4.55,4.6,22,UD:1V: VT 2599168
2025-11-13 00:00:00+00:00,35,1,2769938,4.95,4.95,4.95,4.95,3,UD:1V: VT 2769938
2025-11-13 00:00:00+00:00,35,1,2775485,3.0,3.0,3.0,3.0,30,UD:1V: VT 2775485
2025-11-13 00:00:00+00:00,35,1,2620312,9.05,12.25,9.05,12.25,4,UD:1V: VT 2620312
2025-11-13 00:00:00+00:00,35,1,2855541,198.75,198.75,198.75,198.75,9,UD:1V: BX 2855541
2025-11-13 00:00:00+00:00,35,1,2772682,-99.0,-99.0,-99.0,-99.0,6,UD:1V: 13 2772682
2025-11-13 00:00:00+00:00,35,1,2722511,20.25,21.75,20.25,21.75,3,UD:1V: VT 2722511
2025-11-13 00:00:00+00:00,35,1,2797252,11.5,11.5,11.5,11.5,2,UD:1V: VT 2797252
2025-11-13 00:00:00+00:00,35,1,2598611,7.4,8.85,7.4,8.6,133,UD:1V: VT 2598611
2025-11-13 00:00:00+00:00,35,1,2913232,5.0,5.0,5.0,5.0,1,UD:1V: VT 2913232
2025-11-13 00:00:00+00:00,35,1,2624278,57.0,65.5,57.0,63.0,931,UD:1V: VT 2624278
2025-11-13 00:00:00+00:00,35,1,2771954,-20.0,-20.0,-20.0,-20.0,1,UD:1V: GN 2771954
2025-11-13 00:00:00+00:00,35,1,2774191,-5.55,-5.55,-5.55,-5.55,2,UD:1V: GN 2774191
2025-11-13 00:00:00+00:00,35,1,2774091,-18.25,-18.25,-18.25,-18.25,4,UD:1V: GN 2774091
2025-11-13 00:00:00+00:00,35,1,2797117,13.0,13.0,13.0,13.0,1,UD:1V: VT 2797117
2025-11-13 00:00:00+00:00,35,1,2777528,0.55,0.55,0.55,0.55,1,UD:1V: GN 2777528
2025-11-13 00:00:00+00:00,35,1,2624698,30.0,30.0,30.0,30.0,1,UD:1V: GN 2624698
2025-11-13 00:00:00+00:00,35,1,2627650,149.75,155.25,149.5,155.25,3,UD:1V: SG 2627650
2025-11-13 00:00:00+00:00,35,1,2528540,-25.0,-25.0,-25.0,-25.0,1,UD:1V: 12 2528540
2025-11-13 00:00:00+00:00,35,1,2542569,21.25,21.25,17.5,17.5,94,UD:1V: VT 2542569
2025-11-13 00:00:00+00:00,35,1,2774602,31.5,31.5,31.25,31.25,2,UD:1V: VT 2774602
2025-11-13 00:00:00+00:00,35,1,2631472,52.75,52.75,50.5,50.5,6,UD:1V: SG 2631472
2025-11-13 00:00:00+00:00,35,1,2598113,701.0,701.0,701.0,701.0,1,UD:1V: GN 2598113
2025-11-13 00:00:00+00:00,35,1,2856451,-3.5,-3.5,-3.5,-3.5,4,UD:1V: 12 2856451
2025-11-13 00:00:00+00:00,35,1,2774631,-11.0,-11.0,-11.0,-11.0,1,UD:1V: GN 2774631
2025-11-13 00:00:00+00:00,35,1,2703312,3.05,3.05,3.05,3.05,1,UD:1V: VT 2703312
2025-11-13 00:00:00+00:00,35,1,2604137,5.9,5.9,5.9,5.9,32,UD:1V: GN 2604137
2025-11-13 00:00:00+00:00,35,1,2778433,0.8,4.3,0.55,2.4,128,UD:1V: 12 2778433
2025-11-13 00:00:00+00:00,35,1,2563940,16.25,25.0,16.25,25.0,2,UD:1V: VT 2563940
2025-11-13 00:00:00+00:00,35,1,2775378,46.0,46.0,46.0,46.0,15,UD:1V: IB 2775378
2025-11-13 00:00:00+00:00,35,1,2627374,-38.0,-38.0,-38.0,-38.0,1,UD:1V: GN 2627374
2025-11-13 00:00:00+00:00,35,1,2777154,-1.6,-1.6,-1.6,-1.6,8,UD:1V: GN 2777154
2025-11-13 00:00:00+00:00,35,1,2604836,70.0,70.0,70.0,70.0,1,UD:1V: VT 2604836
2025-11-13 00:00:00+00:00,35,1,2857438,16.5,16.5,16.5,16.5,225,UD:1V: IC 2857438
2025-11-13 00:00:00+00:00,35,1,2775103,-4.25,-4.25,-8.0,-6.95,25,UD:1V: 3W 2775103
2025-11-13 00:00:00+00:00,35,1,2859028,35.0,35.0,35.0,35.0,2,UD:1V: BO 2859028
2025-11-13 00:00:00+00:00,35,1,2775490,100.75,105.5,100.75,105.5,5,UD:1V: SG 2775490
2025-11-13 00:00:00+00:00,35,1,2702710,28.5,28.5,28.5,28.5,2,UD:1V: VT 2702710
2025-11-13 00:00:00+00:00,35,1,2855960,91.75,92.0,91.0,92.0,9,UD:1V: GN 2855960
2025-11-13 00:00:00+00:00,35,1,2855862,-41.75,-41.75,-41.75,-41.75,2,UD:1V: GN 2855862
2025-11-13 00:00:00+00:00,35,1,2773062,-1.0,-1.0,-1.0,-1.0,2,UD:1V: GN 2773062
2025-11-13 00:00:00+00:00,35,1,2777121,129.75,129.75,126.5,126.5,30,UD:1V: SG 2777121
2025-11-13 00:00:00+00:00,35,1,2603223,249.25,249.25,249.25,249.25,5,UD:1V: ST 2603223
2025-11-13 00:00:00+00:00,35,1,2633032,16.25,16.25,16.25,16.25,90,UD:1V:CGN 2633032
2025-11-13 00:00:00+00:00,35,1,2856493,-3.5,-3.5,-3.5,-3.5,8,UD:1V: 12 2856493
2025-11-13 00:00:00+00:00,35,1,2600221,34.0,44.25,34.0,44.0,124,UD:1V: VT 2600221
2025-11-13 00:00:00+00:00,35,1,2630921,-7.1,-7.1,-10.5,-10.5,5,UD:1V: 13 2630921
2025-11-13 00:00:00+00:00,35,1,2703876,3.9,3.9,3.9,3.9,500,UD:1V: GN 2703876
2025-11-13 00:00:00+00:00,35,1,2771334,-8.4,-7.5,-8.4,-7.5,47,UD:1V: GN 2771334
2025-11-13 00:00:00+00:00,35,1,2683164,-47.0,-47.0,-56.75,-56.75,4,UD:1V: GN 2683164
2025-11-13 00:00:00+00:00,35,1,2602523,-5.25,-5.2,-5.25,-5.2,5,UD:1V: GN 2602523
2025-11-13 00:00:00+00:00,35,1,2854352,-23.75,-23.75,-23.75,-23.75,1,UD:1V: 12 2854352
2025-11-13 00:00:00+00:00,35,1,2846192,11.5,11.75,11.5,11.75,4,UD:1V: VT 2846192
2025-11-13 00:00:00+00:00,35,1,2774700,-15.5,-15.5,-15.75,-15.75,28,UD:1V: GN 2774700
2025-11-13 00:00:00+00:00,35,1,2630143,3.8,3.8,3.6,3.6,35,UD:1V: GN 2630143
2025-11-13 00:00:00+00:00,35,1,2797521,11.5,11.5,11.5,11.5,3,UD:1V: VT 2797521
2025-11-13 00:00:00+00:00,35,1,2632993,11.0,11.0,8.0,8.0,46,UD:1V: VT 2632993
2025-11-13 00:00:00+00:00,35,1,2641606,26.25,27.75,26.25,27.75,4,UD:1V: 3W 2641606
2025-11-13 00:00:00+00:00,35,1,2771108,181.0,181.0,181.0,181.0,1,UD:1V: VT 2771108
2025-11-13 00:00:00+00:00,35,1,2615699,4.45,5.15,4.45,5.15,2,UD:1V: VT 2615699
2025-11-13 00:00:00+00:00,35,1,2771486,-1.1,-1.1,-1.1,-1.1,2,UD:1V: GN 2771486
2025-11-13 00:00:00+00:00,35,1,2600652,-53.25,-53.25,-59.5,-59.5,13,UD:1V: GN 2600652
2025-11-13 00:00:00+00:00,35,1,2702655,34.5,34.5,34.25,34.25,3,UD:1V: VT 2702655
2025-11-13 00:00:00+00:00,35,1,2856154,39.5,39.5,39.5,39.5,5,UD:1V: IC 2856154
2025-11-13 00:00:00+00:00,35,1,2721805,159.0,160.5,159.0,160.5,2,UD:1V: VT 2721805
2025-11-13 00:00:00+00:00,35,1,2598379,2.9,4.55,2.9,4.55,10,UD:1V: VT 2598379
2025-11-13 00:00:00+00:00,35,1,2774010,-4.4,-4.4,-4.4,-4.4,1,UD:1V: GN 2774010
2025-11-13 00:00:00+00:00,35,1,2632771,105.25,136.0,96.25,136.0,7,UD:1V: VT 2632771
2025-11-13 00:00:00+00:00,35,1,2591511,7.15,7.15,7.15,7.15,1,UD:1V: VT 2591511
2025-11-13 00:00:00+00:00,35,1,2630307,27.5,36.0,27.0,36.0,523,UD:1V: VT 2630307
2025-11-13 00:00:00+00:00,35,1,2855816,0.2,0.2,0.2,0.2,1,UD:1V: GN 2855816
2025-11-13 00:00:00+00:00,35,1,2604252,240.0,240.0,240.0,240.0,1,UD:1V: VT 2604252
2025-11-13 00:00:00+00:00,35,1,2856526,-2.9,-2.9,-2.9,-2.9,16,UD:1V: 12 2856526
2025-11-13 00:00:00+00:00,35,1,2625116,80.25,80.25,79.0,79.0,4,UD:1V: GN 2625116
2025-11-13 00:00:00+00:00,35,1,2777615,27.0,27.0,27.0,27.0,11,UD:1V: DG 2777615
2025-11-13 00:00:00+00:00,35,1,2855773,6.5,6.5,4.25,4.25,3,UD:1V: GN 2855773
2025-11-13 00:00:00+00:00,35,1,2638364,1.7,1.7,1.7,1.7,100,UD:1V: VT 2638364
2025-11-13 00:00:00+00:00,35,1,2598266,4.25,4.25,4.25,4.25,5,UD:1V: SG 2598266
2025-11-13 00:00:00+00:00,35,1,2600568,26.25,35.0,26.25,35.0,22,UD:1V: BO 2600568
2025-11-13 00:00:00+00:00,35,1,2777878,44.25,44.5,44.25,44.5,2,UD:1V: VT 2777878
2025-11-13 00:00:00+00:00,35,1,2542396,6.55,6.55,6.55,6.55,15,UD:1V: VT 2542396
2025-11-13 00:00:00+00:00,35,1,2854305,-0.25,-0.25,-0.25,-0.25,1,UD:1V: GN 2854305
2025-11-13 00:00:00+00:00,35,1,2859303,14.25,14.25,14.25,14.25,1,UD:1V: VT 2859303
2025-11-13 00:00:00+00:00,35,1,2855605,-0.3,-0.3,-0.3,-0.3,1,UD:1V: GN 2855605
2025-11-13 00:00:00+00:00,35,1,2857756,-9.45,-9.45,-9.45,-9.45,1,UD:1V: GN 2857756
2025-11-13 00:00:00+00:00,35,1,2856421,-2.75,-2.75,-2.75,-2.75,2,UD:1V: 12 2856421
2025-11-13 00:00:00+00:00,35,1,2775178,278.5,279.75,270.75,270.75,146,UD:1V: ST 2775178
2025-11-13 00:00:00+00:00,35,1,2587386,8.7,9.1,8.7,9.1,48,UD:1V: 3W 2587386
2025-11-13 00:00:00+00:00,35,1,2600542,79.5,85.5,79.5,85.5,44,UD:1V: GN 2600542
2025-11-13 00:00:00+00:00,35,1,2771114,7.75,7.75,7.75,7.75,1,UD:1V: GN 2771114
2025-11-13 00:00:00+00:00,35,1,2605072,13.0,13.0,13.0,13.0,7,UD:1V: VT 2605072
2025-11-13 00:00:00+00:00,35,1,2772166,-26.0,-25.75,-26.5,-26.5,1070,UD:1V:CRR 2772166
2025-11-13 00:00:00+00:00,35,1,2631489,9.5,9.5,9.5,9.5,2,UD:1V: 3W 2631489
2025-11-13 00:00:00+00:00,35,1,2853967,9.85,9.85,9.85,9.85,1,UD:1V: VT 2853967
2025-11-13 00:00:00+00:00,35,1,2598913,2.8,2.8,2.8,2.8,1,UD:1V: VT 2598913
2025-11-13 00:00:00+00:00,35,1,42431947,323.25,339.5,323.25,338.75,121,ESH6 P7100
2025-11-13 00:00:00+00:00,35,1,42337303,327.25,330.0,294.25,294.25,4,ESZ6 C7400
2025-11-13 00:00:00+00:00,35,1,42439388,16.5,16.5,16.5,16.5,2,ESU6 P3000
2025-11-13 00:00:00+00:00,35,1,792621,56.75,56.75,56.75,56.75,1,ESZ6 C8500
2025-11-13 00:00:00+00:00,35,1,42393417,14.25,23.0,14.25,21.75,331,ESZ5 P6050
2025-11-13 00:00:00+00:00,35,1,42320746,23.75,25.0,13.25,13.25,232,ESZ5 C7150
2025-11-13 00:00:00+00:00,35,1,42300184,316.75,316.75,316.75,316.75,1,ESM6 P6850
2025-11-13 00:00:00+00:00,35,1,42394753,125.0,125.0,125.0,125.0,7,ESM6 P5950
2025-11-13 00:00:00+00:00,35,1,42423832,104.25,104.25,104.25,104.25,30,ESM7 P4550
2025-11-13 00:00:00+00:00,35,1,42735134,93.25,117.75,93.25,117.75,9,ESZ5 P6680
2025-11-13 00:00:00+00:00,35,1,4249046,179.5,179.5,115.5,121.0,218,ESZ5 C6800
2025-11-13 00:00:00+00:00,35,1,42396443,445.0,445.0,414.25,414.25,159,ESM6 C6850
2025-11-13 00:00:00+00:00,35,1,42384724,198.75,199.5,194.25,194.25,201,ESM6 C7200
2025-11-13 00:00:00+00:00,35,1,42428246,115.75,155.0,115.75,153.5,65,ESH6 P6400
2025-11-13 00:00:00+00:00,35,1,189508,44.0,44.0,44.0,44.0,2,ESZ6 P3900
2025-11-13 00:00:00+00:00,35,1,42444784,134.25,134.25,134.25,134.25,1,ESZ9 P3800
2025-11-13 00:00:00+00:00,35,1,273454,213.25,213.25,177.0,177.0,13,ESZ5 C6700
2025-11-13 00:00:00+00:00,35,1,42598890,122.75,122.75,122.75,122.75,25,ESU6 C7750
2025-11-13 00:00:00+00:00,35,1,42430447,8.25,9.0,8.25,9.0,2,ESH6 P3700
2025-11-13 00:00:00+00:00,35,1,42372931,58.5,58.5,58.5,58.5,6,ESM6 P5100
2025-11-13 00:00:00+00:00,35,1,42372949,450.25,450.25,428.5,428.5,27,ESM6 C6800
2025-11-13 00:00:00+00:00,35,1,42446245,435.75,435.75,435.75,435.75,16,ESM6 P7050
2025-11-13 00:00:00+00:00,35,1,42366510,240.75,240.75,240.75,240.75,1,ESM6 C7100
2025-11-13 00:00:00+00:00,35,1,513847,0.2,0.25,0.2,0.25,4,ESZ5 P3000
2025-11-13 00:00:00+00:00,35,1,42643091,93.5,146.75,93.5,137.5,105,ESZ5 P6775
2025-11-13 00:00:00+00:00,35,1,434900,1.25,2.3,1.25,1.9,5,ESZ5 P4400
2025-11-13 00:00:00+00:00,35,1,698241,1.7,2.75,1.7,2.2,40,ESZ5 P4500
2025-11-13 00:00:00+00:00,35,1,544348,5.9,6.05,5.9,6.05,149,ESZ5 P5200
2025-11-13 00:00:00+00:00,35,1,42542109,17.0,26.5,17.0,26.5,98,ESZ5 P6125
2025-11-13 00:00:00+00:00,35,1,42429064,218.75,277.0,218.5,276.25,109,ESH6 P6850
2025-11-13 00:00:00+00:00,35,1,42648779,15.0,15.0,12.5,12.75,43,ESH6 C7750
2025-11-13 00:00:00+00:00,35,1,42429673,44.5,44.5,44.5,44.5,29,ESH6 P5400
2025-11-13 00:00:00+00:00,35,1,42431937,96.5,96.5,69.0,69.0,121,ESH6 C7300
2025-11-13 00:00:00+00:00,35,1,42431941,6.3,6.3,6.3,6.3,1,ESH6 P3400
2025-11-13 00:00:00+00:00,35,1,42404348,482.25,482.25,461.0,461.0,41,ESM6 C6750
2025-11-13 00:00:00+00:00,35,1,42643087,23.0,33.0,23.0,33.0,96,ESZ5 P6225
2025-11-13 00:00:00+00:00,35,1,42428994,0.55,0.55,0.5,0.55,1000,ESH6 P1600
2025-11-13 00:00:00+00:00,35,1,42428993,19.0,19.0,15.25,15.5,32,ESH6 C7700
2025-11-13 00:00:00+00:00,35,1,42430445,2.8,3.1,2.8,3.1,6,ESH6 P2700
2025-11-13 00:00:00+00:00,35,1,42643086,26.0,30.0,26.0,30.0,41,ESZ5 P6275
2025-11-13 00:00:00+00:00,35,1,42621226,5.45,6.05,5.45,6.05,9,ESZ5 P5375
2025-11-13 00:00:00+00:00,35,1,42170618,158.5,158.5,138.5,138.5,6,ESZ6 C7900
2025-11-13 00:00:00+00:00,35,1,42693566,1.3,1.35,1.3,1.35,9,ESZ5 C7525
2025-11-13 00:00:00+00:00,35,1,42375704,10.75,20.5,10.75,20.5,3,ESZ5 P5950
2025-11-13 00:00:00+00:00,35,1,574198,8.6,11.5,8.6,11.5,24,ESZ5 P5700
2025-11-13 00:00:00+00:00,35,1,42397938,86.0,93.75,86.0,93.75,45,ESH6 P6050
2025-11-13 00:00:00+00:00,35,1,42594305,17.0,17.0,9.9,10.0,58,ESZ5 C7175
2025-11-13 00:00:00+00:00,35,1,42383331,209.0,209.0,209.0,209.0,15,ESH6 P6650
2025-11-13 00:00:00+00:00,35,1,42485320,136.0,148.75,89.0,91.5,171,ESZ5 C6850
2025-11-13 00:00:00+00:00,35,1,42360085,2.9,2.9,2.9,2.9,100,ESZ5 P4950
2025-11-13 00:00:00+00:00,35,1,42621223,451.25,451.25,451.25,451.25,1,ESZ5 C6375
2025-11-13 00:00:00+00:00,35,1,42542081,6.1,10.25,6.1,10.0,72,ESZ5 P5575
2025-11-13 00:00:00+00:00,35,1,42429687,228.0,228.0,186.0,186.0,7,ESH6 C7000
2025-11-13 00:00:00+00:00,35,1,42506236,20.5,20.5,20.5,20.5,1,ESM6 P3950
2025-11-13 00:00:00+00:00,35,1,578323,5.45,9.4,5.45,9.05,569,ESZ5 P5500
2025-11-13 00:00:00+00:00,35,1,42372953,412.75,416.0,410.25,416.0,113,ESM6 C6900
2025-11-13 00:00:00+00:00,35,1,42330564,186.0,187.5,181.25,181.25,7,ESZ6 C7800
2025-11-13 00:00:00+00:00,35,1,42471240,59.0,107.0,59.0,97.0,124,ESZ5 P6650
2025-11-13 00:00:00+00:00,35,1,42643084,23.75,34.75,23.75,34.75,13,ESZ5 P6325
2025-11-13 00:00:00+00:00,35,1,42378618,337.75,337.75,337.75,337.75,28,ESM6 P6900
2025-11-13 00:00:00+00:00,35,1,773328,302.75,303.25,302.0,302.0,150,ESZ7 P5700
2025-11-13 00:00:00+00:00,35,1,669400,12.0,22.5,11.25,19.5,3212,ESZ5 P6000
2025-11-13 00:00:00+00:00,35,1,42487788,13.25,23.5,13.25,23.5,15,ESZ5 P6025
2025-11-13 00:00:00+00:00,35,1,42636241,47.25,85.0,47.25,81.0,80,ESZ5 P6575
2025-11-13 00:00:00+00:00,35,1,489455,130.75,130.75,130.75,130.75,2,ESZ7 P4500
2025-11-13 00:00:00+00:00,35,1,42409666,102.25,116.5,102.25,116.5,30,ESM6 P5800
2025-11-13 00:00:00+00:00,35,1,42741101,141.75,141.75,141.75,141.75,1,ESZ5 P6905
2025-11-13 00:00:00+00:00,35,1,42431945,211.0,262.75,211.0,259.25,37,ESH6 P6800
2025-11-13 00:00:00+00:00,35,1,42648771,5.95,5.95,3.5,3.5,62,ESZ5 C7325
2025-11-13 00:00:00+00:00,35,1,42252951,7.3,7.5,4.0,4.0,271,ESZ5 C7300
2025-11-13 00:00:00+00:00,35,1,42488858,78.25,78.25,65.0,65.0,59,ESH6 C7350
2025-11-13 00:00:00+00:00,35,1,42416106,110.0,110.0,110.0,110.0,25,ESM6 C7450
2025-11-13 00:00:00+00:00,35,1,434899,1.0,2.1,1.0,1.75,10,ESZ5 P4300
2025-11-13 00:00:00+00:00,35,1,2772251,1.45,1.45,1.45,1.45,7,UD:1V: GN 2772251
2025-11-13 00:00:00+00:00,35,1,2773371,-10.25,-10.25,-10.25,-10.25,1,UD:1V: GN 2773371
2025-11-13 00:00:00+00:00,35,1,2684336,2.75,2.75,2.75,2.75,6,UD:1V: IC 2684336
2025-11-13 00:00:00+00:00,35,1,2626705,7.3,7.3,7.3,7.3,10,UD:1V: GN 2626705
2025-11-13 00:00:00+00:00,35,1,2854473,21.5,21.5,21.5,21.5,75,UD:1V:CVT 2854473
2025-11-13 00:00:00+00:00,35,1,2770773,30.0,30.0,30.0,30.0,1,UD:1V: VT 2770773
2025-11-13 00:00:00+00:00,35,1,2598324,1.0,1.0,1.0,1.0,1,UD:1V: VT 2598324
2025-11-13 00:00:00+00:00,35,1,2772364,453.0,453.0,453.0,453.0,1,UD:1V: GT 2772364
2025-11-13 00:00:00+00:00,35,1,2684270,21.75,21.75,21.75,21.75,1,UD:1V: IC 2684270
2025-11-13 00:00:00+00:00,35,1,2776093,-88.25,-88.25,-88.25,-88.25,2,UD:1V: GN 2776093
2025-11-13 00:00:00+00:00,35,1,2854897,67.25,68.75,67.25,68.75,2,UD:1V: 23 2854897
2025-11-13 00:00:00+00:00,35,1,2776270,-14.0,-14.0,-14.0,-14.0,1,UD:1V: GN 2776270
2025-11-13 00:00:00+00:00,35,1,2603859,12.75,21.5,12.75,21.5,11,UD:1V: VT 2603859
2025-11-13 00:00:00+00:00,35,1,2973738,46.25,46.5,44.0,44.0,127,UD:1V: VT 2973738
2025-11-13 00:00:00+00:00,35,1,2772738,-169.5,-169.5,-169.5,-169.5,6,UD:1V: 13 2772738
2025-11-13 00:00:00+00:00,35,1,2628833,0.6,0.6,0.6,0.6,1,UD:1V: GN 2628833
2025-11-13 00:00:00+00:00,35,1,2720932,86.75,86.75,86.75,86.75,3,UD:1V: SG 2720932
2025-11-13 00:00:00+00:00,35,1,2630875,248.75,248.75,248.75,248.75,1,UD:1V: BX 2630875
2025-11-13 00:00:00+00:00,35,1,2745590,28.25,28.25,25.0,25.0,66,UD:1V: VT 2745590
2025-11-13 00:00:00+00:00,35,1,2797217,13.5,13.5,13.5,13.5,2,UD:1V: GN 2797217
2025-11-13 00:00:00+00:00,35,1,2580036,-4.8,-4.7,-4.8,-4.7,32,UD:1V: GN 2580036
2025-11-13 00:00:00+00:00,35,1,2797009,-4.25,-4.25,-4.25,-4.25,2,UD:1V: 12 2797009
2025-11-13 00:00:00+00:00,35,1,2857017,18.5,18.5,18.5,18.5,1,UD:1V: IC 2857017
2025-11-13 00:00:00+00:00,35,1,2627249,80.5,84.5,80.5,84.5,29,UD:1V: SG 2627249
2025-11-13 00:00:00+00:00,35,1,2702719,-7.4,-7.4,-7.4,-7.4,2,UD:1V: GN 2702719
2025-11-13 00:00:00+00:00,35,1,2855763,1.0,1.0,1.0,1.0,6,UD:1V: 12 2855763
2025-11-13 00:00:00+00:00,35,1,2627789,0.0,0.4,0.0,0.4,48,UD:1V: 12 2627789
2025-11-13 00:00:00+00:00,35,1,2770774,0.4,0.4,0.4,0.4,110,UD:1V: VT 2770774
2025-11-13 00:00:00+00:00,35,1,2856447,105.0,105.0,105.0,105.0,2,UD:1V: GN 2856447
2025-11-13 00:00:00+00:00,35,1,2567250,29.5,29.5,29.5,29.5,1,UD:1V: VT 2567250
2025-11-13 00:00:00+00:00,35,1,2772494,1.5,1.5,1.5,1.5,1,UD:1V: GN 2772494
2025-11-13 00:00:00+00:00,35,1,2774117,-9.95,-9.95,-13.5,-13.5,4,UD:1V: GN 2774117
2025-11-13 00:00:00+00:00,35,1,2683021,8.75,8.9,8.2,8.2,210,UD:1V: 12 2683021
2025-11-13 00:00:00+00:00,35,1,2772478,70.75,70.75,70.75,70.75,2,UD:1V: GN 2772478
2025-11-13 00:00:00+00:00,35,1,2597837,103.25,103.25,103.25,103.25,22,UD:1V: IC 2597837
2025-11-13 00:00:00+00:00,35,1,2598447,5.45,6.8,5.45,6.8,248,UD:1V: VT 2598447
2025-11-13 00:00:00+00:00,35,1,2713465,124.5,124.5,119.0,119.5,4,UD:1V: VT 2713465
2025-11-13 00:00:00+00:00,35,1,2598569,1.25,1.25,1.25,1.25,1,UD:1V: VT 2598569
2025-11-13 00:00:00+00:00,35,1,2775217,-4.25,-4.25,-4.25,-4.25,1,UD:1V: GN 2775217
2025-11-13 00:00:00+00:00,35,1,2625090,12.0,12.0,11.75,11.75,2,UD:1V: GN 2625090
2025-11-13 00:00:00+00:00,35,1,2774037,-1.95,-1.95,-1.95,-1.95,7,UD:1V: GN 2774037
2025-11-13 00:00:00+00:00,35,1,2600030,28.5,30.0,22.5,22.5,77,UD:1V: VT 2600030
2025-11-13 00:00:00+00:00,35,1,2772567,0.1,0.1,0.1,0.1,60,UD:1V: VT 2772567
2025-11-13 00:00:00+00:00,35,1,2601643,50.0,80.0,50.0,80.0,2,UD:1V: VT 2601643
2025-11-13 00:00:00+00:00,35,1,2776116,25.0,25.0,25.0,25.0,1,UD:1V: VT 2776116
2025-11-13 00:00:00+00:00,35,1,2773882,38.75,38.75,38.75,38.75,50,UD:1V: VT 2773882
2025-11-13 00:00:00+00:00,35,1,2856826,8.4,8.4,8.4,8.4,1,UD:1V: VT 2856826
2025-11-13 00:00:00+00:00,35,1,2604153,20.0,20.0,15.0,15.0,42,UD:1V: CO 2604153
2025-11-13 00:00:00+00:00,35,1,2602463,14.5,14.5,14.0,14.25,24,UD:1V: VT 2602463
2025-11-13 00:00:00+00:00,35,1,2604949,36.75,36.75,32.0,32.0,124,UD:1V: VT 2604949
2025-11-13 00:00:00+00:00,35,1,2597836,10.5,10.5,10.5,10.5,1,UD:1V: VT 2597836
2025-11-13 00:00:00+00:00,35,1,2613706,28.75,28.75,28.75,28.75,5,UD:1V: VT 2613706
2025-11-13 00:00:00+00:00,35,1,2722543,25.5,27.0,25.5,27.0,2,UD:1V: VT 2722543
2025-11-13 00:00:00+00:00,35,1,2684374,157.25,157.25,157.25,157.25,1,UD:1V: GN 2684374
2025-11-13 00:00:00+00:00,35,1,2685246,1630.25,1630.25,1630.25,1630.25,25,UD:1V:CFO 2685246
2025-11-13 00:00:00+00:00,35,1,2630634,174.25,174.25,174.25,174.25,1,UD:1V: VT 2630634
2025-11-13 00:00:00+00:00,35,1,2935194,28.75,37.5,28.75,36.0,129,UD:1V: GN 2935194
2025-11-13 00:00:00+00:00,35,1,2628513,21.25,21.25,21.25,21.25,8,UD:1V: GN 2628513
2025-11-13 00:00:00+00:00,35,1,2599018,348.25,348.25,348.25,348.25,2,UD:1V: BX 2599018
2025-11-13 00:00:00+00:00,35,1,2598394,30.75,30.75,30.0,30.25,6,UD:1V: VT 2598394
2025-11-13 00:00:00+00:00,35,1,2597834,16.25,22.25,16.25,22.25,37,UD:1V: VT 2597834
2025-11-13 00:00:00+00:00,35,1,2626521,-6.25,-6.25,-6.25,-6.25,2,UD:1V: GN 2626521
2025-11-13 00:00:00+00:00,35,1,2626683,-0.85,-0.85,-0.85,-0.85,1,UD:1V: GN 2626683
2025-11-13 00:00:00+00:00,35,1,2570613,-3.35,-3.35,-3.35,-3.35,1,UD:1V: GN 2570613
2025-11-13 00:00:00+00:00,35,1,2597835,13.25,15.0,13.25,15.0,339,UD:1V: VT 2597835
2025-11-13 00:00:00+00:00,35,1,2545675,4.7,4.7,4.35,4.35,87,UD:1V: VT 2545675
2025-11-13 00:00:00+00:00,35,1,2702563,-32.0,-32.0,-32.0,-32.0,10,UD:1V: 12 2702563
2025-11-13 00:00:00+00:00,35,1,2772644,102.0,102.0,102.0,102.0,37,UD:1V:C12 2772644
2025-11-13 00:00:00+00:00,35,1,2615774,56.5,56.5,56.5,56.5,7,UD:1V: GN 2615774
2025-11-13 00:00:00+00:00,35,1,2797330,67.75,67.75,65.5,65.5,107,UD:1V: VT 2797330
2025-11-13 00:00:00+00:00,35,1,2797229,-14.0,-14.0,-14.0,-14.0,1,UD:1V: GN 2797229
2025-11-13 00:00:00+00:00,35,1,2773086,21.0,21.0,21.0,21.0,4,UD:1V: VT 2773086
2025-11-13 00:00:00+00:00,35,1,2855622,47.0,47.0,47.0,47.0,1,UD:1V: VT 2855622
2025-11-13 00:00:00+00:00,35,1,2775714,1.3,1.35,1.3,1.35,135,UD:1V: GN 2775714
2025-11-13 00:00:00+00:00,35,1,2626326,55.75,55.75,55.75,55.75,1,UD:1V: VT 2626326
2025-11-13 00:00:00+00:00,35,1,2797172,18.0,18.0,18.0,18.0,1,UD:1V: VT 2797172
2025-11-13 00:00:00+00:00,35,1,2778164,-386.5,-386.5,-386.5,-386.5,293,UD:1V: GN 2778164
2025-11-13 00:00:00+00:00,35,1,2624077,-178.5,-177.25,-178.5,-177.25,600,UD:1V:CGN 2624077
2025-11-13 00:00:00+00:00,35,1,2775691,68.75,68.75,68.75,68.75,1,UD:1V: VT 2775691
2025-11-13 00:00:00+00:00,35,1,2630273,6.45,6.45,6.45,6.45,1,UD:1V: VT 2630273
2025-11-13 00:00:00+00:00,35,1,2563552,8.9,8.9,8.9,8.9,29,UD:1V: GN 2563552
2025-11-13 00:00:00+00:00,35,1,2722250,34.5,34.5,33.25,33.25,2,UD:1V: BO 2722250
2025-11-13 00:00:00+00:00,35,1,2713765,1.2,1.95,1.2,1.8,1023,UD:1V: VT 2713765
2025-11-13 00:00:00+00:00,35,1,2561515,5.65,5.65,5.65,5.65,1,UD:1V: IC 2561515
2025-11-13 00:00:00+00:00,35,1,2598240,6.5,6.5,6.5,6.5,2,UD:1V: RR 2598240
2025-11-13 00:00:00+00:00,35,1,2774250,-4.75,-4.75,-4.75,-4.75,1,UD:1V: GN 2774250
2025-11-13 00:00:00+00:00,35,1,2598694,6.55,6.55,6.55,6.55,1,UD:1V: VT 2598694
2025-11-13 00:00:00+00:00,35,1,2597833,22.0,33.25,22.0,30.75,100,UD:1V: VT 2597833
2025-11-13 00:00:00+00:00,35,1,2856007,8.05,8.05,8.05,8.05,1,UD:1V: VT 2856007
2025-11-13 00:00:00+00:00,35,1,2629598,39.5,39.5,39.5,39.5,1,UD:1V: VT 2629598
2025-11-13 00:00:00+00:00,35,1,2857867,-54.25,-54.25,-54.25,-54.25,1,UD:1V: GN 2857867
2025-11-13 00:00:00+00:00,35,1,2607168,24.0,24.0,24.0,24.0,3,UD:1V: VT 2607168
2025-11-13 00:00:00+00:00,35,1,2777066,2.7,2.7,2.7,2.7,1,UD:1V: 12 2777066
2025-11-13 00:00:00+00:00,35,1,2857588,136.25,136.25,136.25,136.25,1,UD:1V: GN 2857588
2025-11-13 00:00:00+00:00,35,1,2623920,122.75,129.25,122.75,129.25,1200,UD:1V:CFO 2623920
2025-11-13 00:00:00+00:00,35,1,2777297,89.75,89.75,89.75,89.75,100,UD:1V:CVT 2777297
2025-11-13 00:00:00+00:00,35,1,2703441,-1.05,-1.05,-1.05,-1.05,2,UD:1V: GN 2703441
2025-11-13 00:00:00+00:00,35,1,2771166,-16.0,-16.0,-16.0,-16.0,2,UD:1V: GN 2771166
2025-11-13 00:00:00+00:00,35,1,2722524,12.75,12.75,12.75,12.75,83,UD:1V: VT 2722524
2025-11-13 00:00:00+00:00,35,1,2776530,19.25,19.75,19.25,19.75,250,UD:1V:CFO 2776530
2025-11-13 00:00:00+00:00,35,1,2772897,-11.75,-11.75,-11.75,-11.75,4,UD:1V: GN 2772897
2025-11-13 00:00:00+00:00,35,1,2775335,68.5,68.5,68.5,68.5,1,UD:1V: SG 2775335
2025-11-13 00:00:00+00:00,35,1,2856178,16.0,16.0,16.0,16.0,1,UD:1V: VT 2856178
2025-11-13 00:00:00+00:00,35,1,2598012,58.0,58.0,58.0,58.0,58,UD:1V: SG 2598012
2025-11-13 00:00:00+00:00,35,1,2776240,33.0,33.25,33.0,33.25,2,UD:1V: VT 2776240
2025-11-13 00:00:00+00:00,35,1,2598022,32.0,32.0,32.0,32.0,25,UD:1V: VT 2598022
2025-11-13 00:00:00+00:00,35,1,2631913,18.75,18.75,18.5,18.5,100,UD:1V: VT 2631913
2025-11-13 00:00:00+00:00,35,1,2601551,39.75,39.75,39.75,39.75,1,UD:1V: VT 2601551
2025-11-13 00:00:00+00:00,35,1,2988411,13.75,14.25,13.5,13.5,18,UD:1V: VT 2988411
2025-11-13 00:00:00+00:00,35,1,2605049,36.25,36.25,36.25,36.25,10,UD:1V: GN 2605049
2025-11-13 00:00:00+00:00,35,1,2797772,4.85,4.9,4.85,4.9,120,UD:1V: 12 2797772
2025-11-13 00:00:00+00:00,35,1,2637190,1.9,1.9,1.9,1.9,100,UD:1V: VT 2637190
2025-11-13 00:00:00+00:00,35,1,42426739,42.75,42.75,42.75,42.75,1,ESH6 P5600
2025-11-13 00:00:00+00:00,35,1,42375707,2.15,2.15,1.8,1.8,62,ESZ5 P4350
2025-11-13 00:00:00+00:00,35,1,42429002,22.5,23.25,22.5,23.25,20,ESH6 P4900
2025-11-13 00:00:00+00:00,35,1,42589334,1.4,1.4,0.8,0.8,101,ESZ5 C7550
2025-11-13 00:00:00+00:00,35,1,544343,18.25,33.0,18.25,29.5,252,ESZ5 P6200
2025-11-13 00:00:00+00:00,35,1,42439720,66.0,66.0,66.0,66.0,117,ESM7 P3900
2025-11-13 00:00:00+00:00,35,1,42623167,2.2,2.2,1.55,1.55,76,ESZ5 C7450
2025-11-13 00:00:00+00:00,35,1,42594335,9.4,9.4,6.7,6.8,84,ESZ5 C7225
2025-11-13 00:00:00+00:00,35,1,42669889,1.9,1.9,1.8,1.8,122,ESZ5 C7475
2025-11-13 00:00:00+00:00,35,1,42396824,298.25,298.25,298.25,298.25,6,ESU6 P6550
2025-11-13 00:00:00+00:00,35,1,42492549,326.75,326.75,326.75,326.75,2,ESZ6 C7350
2025-11-13 00:00:00+00:00,35,1,42542108,8.45,10.5,8.45,10.5,9,ESZ5 P5725
2025-11-13 00:00:00+00:00,35,1,42643082,8.8,13.25,8.8,13.25,13,ESZ5 P5775
2025-11-13 00:00:00+00:00,35,1,42417050,0.6,0.6,0.6,0.6,30,ESZ5 C7600
2025-11-13 00:00:00+00:00,35,1,42397939,71.25,71.25,71.25,71.25,12,ESH6 P5950
2025-11-13 00:00:00+00:00,35,1,42394633,35.5,36.25,35.5,36.25,4,ESM6 P4500
2025-11-13 00:00:00+00:00,35,1,42345238,159.5,159.5,159.5,159.5,50,ESZ8 P4300
2025-11-13 00:00:00+00:00,35,1,42640075,178.0,178.0,160.5,160.5,137,ESZ5 C6725
2025-11-13 00:00:00+00:00,35,1,42426738,18.25,18.25,18.25,18.25,2,ESH6 P4700
2025-11-13 00:00:00+00:00,35,1,42594301,56.75,56.75,30.75,30.75,127,ESZ5 C7025
2025-11-13 00:00:00+00:00,35,1,42429429,36.0,60.0,34.0,55.25,168,ESZ5 P6450
2025-11-13 00:00:00+00:00,35,1,42392157,256.25,256.25,256.25,256.25,1,ESZ6 C7500
2025-11-13 00:00:00+00:00,35,1,42429001,23.0,28.75,22.75,28.75,16,ESH6 P5000
2025-11-13 00:00:00+00:00,35,1,42528474,7.75,7.75,7.75,7.75,15,ESU6 C9000
2025-11-13 00:00:00+00:00,35,1,42405089,8.3,13.75,8.3,13.75,32,ESZ5 P5750
2025-11-13 00:00:00+00:00,35,1,42430448,4.1,4.6,4.1,4.6,6,ESH6 P3000
2025-11-13 00:00:00+00:00,35,1,42360165,86.0,102.75,86.0,102.75,27,ESH6 P6150
2025-11-13 00:00:00+00:00,35,1,42347215,9.9,16.25,9.8,16.25,19,ESZ5 P5850
2025-11-13 00:00:00+00:00,35,1,42643090,67.5,113.5,67.5,113.5,79,ESZ5 P6675
2025-11-13 00:00:00+00:00,35,1,42542392,181.5,203.0,181.5,203.0,3,ESZ5 P6975
2025-11-13 00:00:00+00:00,35,1,42427505,1816.0,1816.0,1816.0,1816.0,2,ESH6 C5100
2025-11-13 00:00:00+00:00,35,1,42640078,30.25,50.5,30.25,44.75,48,ESZ5 P6375
2025-11-13 00:00:00+00:00,35,1,42427498,27.0,27.0,27.0,27.0,2,ESH6 P5100
2025-11-13 00:00:00+00:00,35,1,42485321,285.0,322.75,284.5,322.75,27,ESH6 P6950
2025-11-13 00:00:00+00:00,35,1,42735132,90.25,120.25,89.75,120.25,25,ESZ5 P6710
2025-11-13 00:00:00+00:00,35,1,42439504,78.25,78.25,78.25,78.25,9,ESU6 P5050
2025-11-13 00:00:00+00:00,35,1,42430443,23.25,23.25,23.25,23.25,1,ESH6 C7600
2025-11-13 00:00:00+00:00,35,1,518145,22.25,42.75,22.25,38.0,584,ESZ5 P6300
2025-11-13 00:00:00+00:00,35,1,42487785,120.5,120.5,80.0,83.0,144,ESZ5 C6875
2025-11-13 00:00:00+00:00,35,1,273809,218.75,276.25,218.75,276.25,2,ESZ5 P7000
2025-11-13 00:00:00+00:00,35,1,81355,7.65,7.65,7.65,7.65,24,ESZ6 C9500
2025-11-13 00:00:00+00:00,35,1,228807,88.75,88.75,88.75,88.75,25,ESZ7 P4000
2025-11-13 00:00:00+00:00,35,1,418234,6.3,11.25,6.3,10.0,3886,ESZ5 P5600
2025-11-13 00:00:00+00:00,35,1,273004,352.25,352.25,324.5,324.5,14,ESZ5 C6500
2025-11-13 00:00:00+00:00,35,1,42683686,131.75,131.75,131.75,131.75,1,ESM7 C8500
2025-11-13 00:00:00+00:00,35,1,42435330,263.5,265.25,263.5,265.25,17,ESM6 C7050
2025-11-13 00:00:00+00:00,35,1,42387473,2.95,3.85,2.95,3.85,183,ESZ5 P5050
2025-11-13 00:00:00+00:00,35,1,725964,190.25,196.25,190.25,196.25,20,ESZ6 P5700
2025-11-13 00:00:00+00:00,35,1,42429382,70.5,70.5,70.5,70.5,1,ESU6 P4950
2025-11-13 00:00:00+00:00,35,1,42621225,9.2,9.2,4.55,4.6,83,ESZ5 C7275
2025-11-13 00:00:00+00:00,35,1,42507152,1.1,1.1,1.1,1.1,1,ESZ5 P3850
2025-11-13 00:00:00+00:00,35,1,42405231,51.25,59.5,51.25,59.5,2,ESH6 P5750
2025-11-13 00:00:00+00:00,35,1,42080919,126.5,210.0,126.5,210.0,15,ESZ5 P6900
2025-11-13 00:00:00+00:00,35,1,42542066,29.75,29.75,17.5,17.5,190,ESZ5 C7125
2025-11-13 00:00:00+00:00,35,1,359028,1.75,2.3,1.75,2.3,7,ESZ5 P4700
2025-11-13 00:00:00+00:00,35,1,273802,62.25,68.75,36.0,37.5,1814,ESZ5 C7000
2025-11-13 00:00:00+00:00,35,1,42431940,1.9,1.9,1.9,1.9,2,ESH6 P2200
2025-11-13 00:00:00+00:00,35,1,42394602,7.6,7.6,7.6,7.6,1,ESM6 P2700
2025-11-13 00:00:00+00:00,35,1,42429372,126.25,126.25,126.25,126.25,25,ESU6 C7700
2025-11-13 00:00:00+00:00,35,1,42429003,59.5,68.25,59.5,68.25,5,ESH6 P5800
2025-11-13 00:00:00+00:00,35,1,42378449,132.0,150.0,131.0,150.0,32,ESM6 P6000
2025-11-13 00:00:00+00:00,35,1,42430452,28.5,34.0,28.5,34.0,5,ESH6 P5200
2025-11-13 00:00:00+00:00,35,1,42377432,239.0,240.5,239.0,240.5,2,ESU6 P6200
2025-11-13 00:00:00+00:00,35,1,42472887,52.5,52.5,52.5,52.5,1,ESU6 P4500
2025-11-13 00:00:00+00:00,35,1,4246398,102.0,162.0,91.0,150.25,328,ESZ5 P6800
2025-11-13 00:00:00+00:00,35,1,42622543,0.5,0.9,0.5,0.9,267,ESZ5 P3750
2025-11-13 00:00:00+00:00,35,1,300898,329.0,329.0,329.0,329.0,1,ESZ6 P6500
2025-11-13 00:00:00+00:00,35,1,42321644,535.0,535.0,535.0,535.0,1,ESZ5 P7300
